X0,X1,X2,X3,X4,X5,X6,X7,y
3.208482039374906947e+01,1.546555894036233951e+02,1.109418711430335662e+02,5.026509499497178268e+01,4.773265274831550187e+01,1.200312385458801288e+02,1.379851244113647795e+02,2.649073474746035117e+01,1.000000000000000000e+00
2.648127153648891863e+01,1.486302403513138870e+02,1.078617232204700542e+02,5.601223011080411851e+01,5.026418249503999647e+01,1.218467988096453780e+02,1.254673311588252034e+02,4.988793964808020576e+01,1.000000000000000000e+00
3.553396277855689078e+01,1.611483751119712906e+02,1.281219858491079151e+02,6.971613803531580800e+01,3.996841650376343580e+01,1.108230657494941198e+02,1.339916878050870821e+02,2.231824016667567889e+01,1.000000000000000000e+00
4.979114567780771949e+01,1.538178357216941663e+02,1.123613838285681226e+02,6.306814017108186476e+01,4.996572766290756817e+01,1.203283828762910730e+02,1.292327540533606793e+02,3.865691336833747016e+01,1.000000000000000000e+00
4.826073453177911432e+01,1.468918256871050971e+02,1.185952828142116715e+02,6.459080742134433706e+01,5.138565369301834806e+01,1.244220647548508509e+02,1.322019018667466241e+02,2.182580768609557609e+01,1.000000000000000000e+00
3.697472147970997014e+01,1.494172593902299866e+02,1.163357410277518653e+02,5.312383956573595611e+01,4.348413214639933955e+01,1.102941063072872652e+02,1.283111819368280919e+02,3.154209664851428130e+01,1.000000000000000000e+00
4.281876395916683720e+01,1.488848940783396699e+02,1.183097293447181073e+02,6.175738241026289899e+01,5.162394844130361804e+01,1.224815941172796983e+02,1.259871779767990319e+02,2.415152178045018871e+01,1.000000000000000000e+00
3.917335622020922159e+01,1.673202846670701263e+02,1.271924089389167705e+02,7.335450356542878581e+01,4.890473532504832832e+01,1.305359233284407878e+02,1.285853518666431796e+02,3.296230441087921292e+01,1.000000000000000000e+00
5.458080686542155746e+01,1.203329226535134069e+02,1.094363695038289563e+02,4.840669486787999887e+01,4.973262834365250740e+01,1.234493314612587795e+02,1.332679617621562045e+02,2.434468160584456697e+01,1.000000000000000000e+00
5.754250242234472523e+01,1.357106166034200214e+02,1.128938124509828640e+02,5.624207182308755648e+01,4.846848263555660452e+01,1.199232816543679974e+02,1.285440394260572248e+02,2.400400017599293889e+01,1.000000000000000000e+00
2.983060280171968515e+01,1.540480840379575227e+02,1.001710690982349803e+02,4.909523238116134536e+01,5.259357959542833783e+01,1.171559970019140167e+02,1.257191912335504185e+02,4.864427236714598735e+01,1.000000000000000000e+00
2.839326613065701466e+01,1.612105320886862501e+02,1.199155875097354169e+02,5.753617653621979144e+01,4.505985567754767374e+01,1.197086023908562282e+02,1.209272883642021128e+02,2.574556996028224987e+01,1.000000000000000000e+00
5.317146478545448929e+01,1.145569196092163793e+02,1.117561351092893744e+02,5.436126118919640504e+01,5.106355129448297703e+01,1.254169538750982440e+02,1.212997126620666677e+02,4.976815540448956199e+01,1.000000000000000000e+00
4.508106241909317191e+01,1.439746756662939049e+02,1.091471537071562068e+02,5.515426468518138847e+01,5.240344014581822307e+01,1.296111486215582715e+02,1.222475626348656874e+02,3.478109131986683877e+01,1.000000000000000000e+00
3.505742353586427384e+01,1.691986861967704954e+02,1.315202817697621356e+02,7.294380521694137087e+01,4.340429892357764885e+01,1.158140823609100920e+02,1.298861490752889551e+02,2.692577987932381944e+01,1.000000000000000000e+00
3.658912576670154237e+01,1.430527897786550682e+02,1.113430863478930917e+02,5.766189597010168200e+01,5.409946320702420053e+01,1.203506750165064574e+02,1.268258805838443095e+02,3.454659571402120122e+01,1.000000000000000000e+00
3.726198336595908955e+01,1.479116404941071607e+02,1.092594349319229678e+02,5.711874235131555366e+01,5.424408299080035789e+01,1.225996300666092793e+02,1.233770612693631250e+02,3.211940892498609657e+01,1.000000000000000000e+00
3.827661927341404180e+01,1.582590515007251213e+02,1.185420350294854330e+02,5.637965494496444308e+01,4.844625945419728907e+01,1.215250288018262950e+02,1.280423564338247502e+02,1.774195413951328604e+01,1.000000000000000000e+00
4.149178685619644824e+01,1.568200181837365790e+02,1.124350919537770039e+02,6.366763250581477962e+01,5.125235577768103923e+01,1.206872230259614298e+02,1.305103030542606177e+02,3.691887865650024025e+01,1.000000000000000000e+00
5.462389445072798111e+01,1.431611875870866868e+02,1.177983495894009422e+02,5.362627148716507008e+01,4.705660564003613189e+01,1.163563791306599597e+02,1.279349957361244634e+02,8.833089955352113609e-01,1.000000000000000000e+00
4.857503188575994102e+01,1.011021657418493334e+02,1.063024724643852750e+02,4.900592069125952577e+01,5.886402387833127392e+01,1.340737365495613176e+02,1.207298402961081649e+02,4.096543657956799223e+01,1.000000000000000000e+00
3.645825370170647517e+01,1.638971500162097072e+02,1.140681714887496838e+02,6.161671723309784454e+01,4.857135340373132237e+01,1.226002030471526609e+02,1.247574417315666437e+02,1.888905445713372444e+01,1.000000000000000000e+00
4.055008823867113676e+01,1.159484118724936650e+02,1.004549874413800268e+02,4.307578284007617953e+01,5.725141562678183504e+01,1.266410854194622573e+02,1.278986062724212758e+02,4.440915100482274624e+01,1.000000000000000000e+00
4.320969415739434538e+01,1.448931899666410459e+02,1.193550281938694297e+02,5.870284351442390403e+01,4.454360083965976003e+01,1.160119969272244447e+02,1.286646076548326505e+02,3.165524478176143575e+01,1.000000000000000000e+00
4.688864952868832603e+01,1.407204991781249248e+02,1.032176389501088920e+02,4.971689083711022761e+01,5.095476597148419273e+01,1.227711356234023157e+02,1.194609382242239803e+02,5.507045417442692781e+01,1.000000000000000000e+00
4.130896733610000382e+01,1.648513633693697784e+02,1.087443119088828496e+02,5.377416234152284602e+01,4.757293862119730221e+01,1.170534373254695453e+02,1.211732883967008547e+02,3.707612923866062715e+01,1.000000000000000000e+00
2.884533294047735552e+01,1.455112383804020908e+02,1.104557665436658738e+02,5.446480204654979218e+01,5.013069773861791845e+01,1.212260586311421520e+02,1.307073536675981131e+02,1.930070407480089756e+01,1.000000000000000000e+00
4.542767634539529809e+01,1.510964595135070283e+02,1.140472894128652683e+02,5.624629470856664426e+01,4.697198518811029544e+01,1.134404616319362020e+02,1.207896266736373718e+02,4.179382867801403023e+01,1.000000000000000000e+00
4.597145127026911382e+01,1.653391422262803303e+02,1.142507682820899930e+02,5.741209341843136826e+01,5.048506273928540367e+01,1.246348611225685517e+02,1.209311203792100855e+02,5.082161778036707744e+01,1.000000000000000000e+00
4.330548344201297084e+01,1.447029191142284219e+02,1.113358900595025176e+02,5.618536215724667215e+01,5.003318491686865599e+01,1.241769607081070887e+02,1.303078033852326030e+02,3.172266347759380167e+01,1.000000000000000000e+00
3.504126502354729666e+01,1.592615241892924871e+02,1.193184054549713125e+02,6.063745424175306198e+01,4.183139581252630990e+01,1.083729228649900875e+02,1.239666590282796506e+02,4.324122806772093242e+01,1.000000000000000000e+00
3.634259585894433542e+01,1.465434017044649693e+02,1.230694826099130239e+02,6.054427485920760432e+01,4.790578315440353663e+01,1.219039812866857488e+02,1.316157817249277002e+02,3.785242762380355686e+01,1.000000000000000000e+00
3.197356405590934614e+01,1.773914435624723467e+02,1.316011759506484395e+02,7.734330028558075298e+01,4.155994794811794435e+01,1.127985016433853502e+02,1.318181700230334172e+02,3.312523692941779530e+01,1.000000000000000000e+00
5.912191815597598321e+01,1.196465819662638097e+02,1.127074351530815761e+02,5.347879715507026788e+01,5.074084469498170336e+01,1.215406774185880749e+02,1.235760701344953532e+02,3.733039835562880882e+01,1.000000000000000000e+00
3.892341584158720025e+01,1.451391334688623829e+02,1.109776341062881500e+02,5.927307844578010787e+01,5.413594320997751907e+01,1.254269655042697877e+02,1.275738106745585299e+02,1.490239197934805482e+01,1.000000000000000000e+00
3.863105615044345598e+01,1.505111328905759933e+02,1.071582956807061464e+02,5.930314031593500346e+01,5.533311253936960838e+01,1.292577839465294289e+02,1.333109814461652434e+02,4.316507755112061062e+01,1.000000000000000000e+00
5.576852413621019622e+01,1.415455754292458437e+02,1.168392670216614277e+02,5.083234386103772096e+01,4.319132328409735067e+01,1.171174521510649953e+02,1.301311226679802644e+02,2.801555441356913434e+01,1.000000000000000000e+00
5.345041345331790694e+01,1.397286097817457460e+02,1.029372744915585969e+02,4.591694266693061621e+01,5.210329591461566423e+01,1.194939037788584102e+02,1.259092339090062751e+02,1.600357536894924948e+01,1.000000000000000000e+00
3.537771158041528707e+01,1.508350094765060874e+02,1.132431177407540304e+02,5.801231404783943901e+01,4.780544480561736975e+01,1.164369523702813609e+02,1.290708808172572333e+02,3.469120798513436199e+01,1.000000000000000000e+00
5.518235796925883108e+01,1.446959395231489509e+02,1.268840210032491740e+02,6.173488339006873105e+01,4.468290921970168483e+01,1.201872621890866952e+02,1.240213713527072059e+02,3.146758640395113460e+01,1.000000000000000000e+00
5.030805688319165370e+01,1.208408742417441317e+02,1.038290619985513388e+02,4.817267905012660378e+01,5.347430606963180111e+01,1.224670605107652506e+02,1.327871049293920294e+02,1.816700387305504094e+01,1.000000000000000000e+00
2.958839433537025698e+01,1.579321985997397633e+02,1.134870529716534975e+02,6.685277587925497755e+01,5.143262328951799134e+01,1.217045298578097317e+02,1.260781826551944533e+02,3.302876447837996210e+01,1.000000000000000000e+00
2.820454386403752878e+01,1.565492878804977295e+02,1.262676097912499102e+02,7.791879970524701093e+01,4.822382697574462185e+01,1.201188901671013554e+02,1.340476693422012602e+02,2.011121743009064744e+01,1.000000000000000000e+00
4.686423793154268225e+01,1.259969778580974946e+02,1.002293897336566744e+02,5.226911229098195832e+01,5.532388819052095386e+01,1.253890480718657869e+02,1.275822507627195961e+02,3.779523999244653254e+01,1.000000000000000000e+00
3.566136248575919154e+01,1.279391342747545792e+02,9.629058434162766389e+01,4.804425719925744431e+01,6.106174504838143946e+01,1.341780381288450315e+02,1.253952754629746948e+02,3.157194887685489348e+01,1.000000000000000000e+00
3.711507570193776928e+01,1.432803172150697719e+02,1.122439722034078784e+02,5.881922934591583640e+01,5.258940497385324164e+01,1.240711993214537756e+02,1.244607003333621691e+02,5.147844581482315363e+01,2.000000000000000000e+00
5.654068410005408651e+01,1.362969925479776236e+02,9.524063346740663860e+01,4.406602503194829978e+01,5.535482268223765345e+01,1.258800460763069680e+02,1.188682619930173416e+02,4.586882814377319306e+01,2.000000000000000000e+00
4.445940742600043194e+01,1.585835762785838199e+02,1.182127726692839644e+02,7.390605984366706593e+01,5.656393459347313524e+01,1.327248378050081783e+02,1.153289000966187672e+02,4.268347326301773847e+01,2.000000000000000000e+00
3.220969608154550912e+01,1.748360212102263347e+02,1.279159853861373364e+02,7.606010067553468446e+01,4.169793672796222239e+01,1.081846953860619465e+02,1.217434927770760424e+02,3.181850671151337906e+01,2.000000000000000000e+00
4.371118986270323603e+01,1.241810124559422235e+02,9.504185162159343747e+01,4.708118607960369673e+01,5.852547867044215479e+01,1.276795612498556665e+02,1.268263205736237467e+02,3.397248786751737981e+01,2.000000000000000000e+00
4.189934632858702912e+01,1.516217958386042142e+02,1.120976058572955907e+02,6.308072532145602906e+01,5.311685771285711866e+01,1.279245411499222627e+02,1.250660994376851107e+02,4.829114357715219796e+01,2.000000000000000000e+00
3.356222802231658164e+01,1.719937363697681292e+02,1.165505459718554704e+02,6.954218078572722561e+01,5.264578867258475015e+01,1.244104842172867222e+02,1.233906737985214050e+02,4.180692659858844706e+01,2.000000000000000000e+00
3.659047370328528359e+01,1.769550849565642352e+02,1.264350630067839916e+02,6.586676367269653554e+01,4.163123027180717628e+01,1.144995323696321350e+02,1.186375232249337586e+02,5.331978684806878732e+01,2.000000000000000000e+00
4.891896325433494752e+01,1.324100821459270207e+02,1.001635841754485909e+02,5.415910899794360489e+01,6.158557138620375326e+01,1.382832515095430495e+02,1.172843088925894648e+02,4.253676920293193575e+01,2.000000000000000000e+00
4.755480696840274391e+01,1.462503617628704546e+02,1.124526087132576890e+02,6.017122372603534330e+01,5.308702770552748262e+01,1.241161024167332414e+02,1.232730976867345305e+02,5.108872381563467968e+01,2.000000000000000000e+00
5.665061495442404293e+01,1.368245172551070823e+02,1.015185586574745003e+02,4.894611438838041551e+01,5.246816326475232017e+01,1.215331115709052199e+02,1.193242812349495665e+02,4.189225198721356236e+01,2.000000000000000000e+00
3.487154911234847532e+01,1.562876196459440337e+02,1.155166418580429308e+02,6.758927481940759208e+01,5.285828427170015686e+01,1.279274169161514436e+02,1.216158782423005391e+02,4.639107467782002203e+01,2.000000000000000000e+00
3.749417580001652084e+01,1.667171569358466172e+02,1.202733789667914550e+02,6.844780920630331877e+01,5.008901137709295881e+01,1.232882457115835138e+02,1.231940438824685913e+02,4.233251351381014871e+01,2.000000000000000000e+00
4.983055307502357323e+01,1.492965702524162452e+02,1.214469205642945582e+02,6.147065262153606824e+01,4.383193213291995960e+01,1.189806079165117723e+02,1.215872107236154847e+02,4.769547887658274732e+01,2.000000000000000000e+00
3.934156942708573723e+01,1.619251233475073946e+02,1.224871683391046417e+02,6.580099548120006148e+01,4.510656288417652604e+01,1.148805630522210919e+02,1.171216867369947607e+02,5.698803963660257921e+01,2.000000000000000000e+00
4.244896083426997535e+01,1.563969393047664482e+02,1.157408630663042857e+02,6.486378201539351096e+01,4.975714656803661029e+01,1.189281942006087718e+02,1.229317410168716691e+02,5.135096480368351735e+01,2.000000000000000000e+00
3.592731909520381350e+01,1.466056095557848948e+02,1.066390447884164985e+02,5.421228953128267847e+01,5.244109392144653725e+01,1.238089720539723686e+02,1.157325058922081098e+02,3.529803008394670627e+01,2.000000000000000000e+00
3.952672772419548863e+01,1.398605458215904775e+02,9.925191802576765099e+01,5.273096998745379693e+01,6.047968579143813628e+01,1.348288793182091183e+02,1.242180096247907102e+02,4.709775440805432112e+01,2.000000000000000000e+00
6.575390090352509276e+01,1.240105118856474888e+02,1.126092547298020463e+02,6.212714575723273924e+01,5.404940740591445092e+01,1.278782195691726429e+02,1.253075787392300668e+02,3.272696168592698029e+01,3.000000000000000000e+00
6.896297922018932525e+01,1.191459479767798371e+02,1.161762969884330516e+02,5.688880191764506833e+01,5.277139661802592485e+01,1.242461032538495971e+02,1.323587235302109946e+02,2.149298766383269665e+01,3.000000000000000000e+00
3.630768856280747059e+01,1.396404518776353427e+02,1.176948765593290602e+02,6.224004255980764810e+01,5.035273527609867728e+01,1.184527107884912454e+02,1.362764402319846226e+02,2.985289784577428662e+00,3.000000000000000000e+00
5.385511119958812998e+01,1.315163584931825085e+02,1.273778091262557126e+02,6.811984104009752627e+01,4.736664260995222264e+01,1.210268389547185990e+02,1.316847041957250894e+02,2.520508576488554198e+01,3.000000000000000000e+00
6.002691628996136330e+01,1.257616158747269566e+02,1.196937616226610857e+02,5.398642854153089843e+01,4.626850228704309131e+01,1.141660941758393903e+02,1.301702284396983202e+02,1.896561764793328209e+01,3.000000000000000000e+00
4.946071786677961057e+01,1.261293858310303904e+02,1.102576421349463516e+02,5.802525094314894005e+01,5.529154202604366475e+01,1.259793679724356821e+02,1.282494934457323836e+02,3.597530712063923630e+01,3.000000000000000000e+00
4.310149885997364549e+01,1.381782526549030479e+02,1.128681287068179984e+02,6.118364030485452787e+01,5.145636867126934533e+01,1.202840184158460772e+02,1.286180480434854019e+02,2.213365510405400371e+01,3.000000000000000000e+00
4.345000726256659362e+01,1.577179057627202496e+02,1.265922593224725574e+02,6.895519714527436861e+01,4.256805839336030317e+01,1.101978624000535092e+02,1.258958072389937399e+02,2.374201367714920607e+01,3.000000000000000000e+00
5.631834419531889324e+01,1.353280056976633716e+02,1.205777810006585895e+02,5.962176621666442600e+01,4.557563078148185554e+01,1.137289740727246397e+02,1.243941090576521731e+02,2.768499808676447316e+01,3.000000000000000000e+00
6.106437595597326862e+01,1.384841880244593426e+02,1.087846729415005882e+02,5.530662757851489886e+01,5.209763364419717391e+01,1.254560221758351162e+02,1.290860510884094197e+02,3.436690439355490412e+01,3.000000000000000000e+00
6.650184208120489870e+01,1.243389190167420111e+02,1.154388997324948889e+02,5.588443902475705727e+01,4.863892193490884353e+01,1.200874655939305882e+02,1.263533263768163692e+02,2.118227673926336863e+01,3.000000000000000000e+00
5.567689839206607161e+01,1.220470790298139292e+02,1.048151837870017147e+02,5.161722031565040680e+01,6.194387859463436996e+01,1.327959694103877837e+02,1.350220045945645211e+02,2.076874111123535016e+01,3.000000000000000000e+00
5.045395071145600241e+01,1.354168204798535271e+02,1.261666435149986398e+02,6.861205291547777563e+01,4.428173284521170672e+01,1.139668507328708813e+02,1.275157596204936539e+02,7.306821399036790510e+00,3.000000000000000000e+00
4.901637955714189587e+01,1.506958311925163514e+02,1.276224239277704555e+02,6.334435446179971763e+01,4.291542953874464672e+01,1.114157129957606287e+02,1.244947813572109681e+02,3.960833146494231727e+01,3.000000000000000000e+00
4.442619344836148088e+01,1.412658318008822675e+02,1.169438732796865281e+02,5.971493229150105719e+01,5.394495080310768031e+01,1.329190456994888052e+02,1.309737093564807253e+02,1.111583943911313987e+01,3.000000000000000000e+00
4.453665278431910934e+01,1.448355640811411433e+02,1.249593957936010469e+02,6.372407059749625802e+01,4.776802101813006374e+01,1.237541485747876067e+02,1.282871319885317689e+02,6.001658276742732889e-01,3.000000000000000000e+00
4.900450961838939179e+01,1.226491165435569712e+02,1.149645152596017255e+02,5.832878167592721752e+01,5.049142644419615777e+01,1.224998083870247143e+02,1.217241986721431033e+02,3.824721936080091922e+01,3.000000000000000000e+00
4.652305704204500358e+01,1.384955439484794510e+02,1.258183655013240951e+02,6.966517089201369117e+01,4.272207520319639684e+01,1.128590670446998558e+02,1.250084104392677062e+02,4.299045051423448882e+01,3.000000000000000000e+00
3.601793338482131901e+01,1.475182481164305557e+02,1.244167585253111241e+02,7.314407418431498797e+01,5.222246990122305021e+01,1.204832480371738654e+02,1.294554632736688689e+02,2.192673800643230919e+01,3.000000000000000000e+00
5.525248892236756149e+01,1.384097198137220346e+02,1.106252688776751825e+02,5.588015138777607405e+01,5.333567792796763740e+01,1.265355690343972128e+02,1.245467653570741078e+02,2.798249502356612695e+01,3.000000000000000000e+00
6.829283897067045928e+01,1.243650938860771191e+02,1.177311770194214091e+02,6.131108761411217500e+01,4.979958230018528553e+01,1.279230069888325261e+02,1.250849310570064432e+02,2.414151838407688899e+01,3.000000000000000000e+00
5.422863416513195745e+01,1.214047149147532139e+02,1.112849726627927964e+02,6.097979380124685633e+01,5.885551492733932832e+01,1.287679999878407386e+02,1.248988690166825393e+02,3.871068706176491503e+01,3.000000000000000000e+00
4.227727352577771569e+01,1.458630413990656223e+02,1.126180329308522658e+02,5.785782768273831067e+01,5.407475759356106693e+01,1.228468415013232402e+02,1.258751787891366263e+02,3.131166996030286498e+01,3.000000000000000000e+00
6.030568573027233015e+01,1.084096862350819634e+02,1.114146274514298085e+02,5.859123786574026838e+01,5.506090667343060829e+01,1.229982287772441794e+02,1.264400922634742273e+02,2.132640060454241393e+01,3.000000000000000000e+00
4.342067128174372925e+01,1.464934899864920510e+02,1.174933899993844335e+02,6.108223960952498999e+01,4.836763716400391644e+01,1.099686563882513468e+02,1.230109304586720924e+02,2.031441727265682573e+01,3.000000000000000000e+00
5.452930306007647943e+01,1.404158082232499680e+02,1.253594576805740246e+02,6.455133877125632580e+01,4.690855424056859135e+01,1.126357464719881136e+02,1.309808121188535495e+02,1.174728982525420307e+01,3.000000000000000000e+00
5.498726199262792846e+01,1.435149942339966742e+02,1.317271855549702479e+02,6.784228874904347606e+01,4.283593095374845205e+01,1.163758762567919405e+02,1.318819827312306074e+02,6.039750647993865629e-01,3.000000000000000000e+00
6.201443814068912985e+01,1.238563075339471737e+02,1.078769383699153224e+02,6.116283263891562427e+01,5.246555416805561123e+01,1.246245504301421931e+02,1.277395456187691565e+02,3.360607128051225345e+01,3.000000000000000000e+00
4.232723798387744552e+01,1.543248030582589081e+02,1.196263561720850106e+02,7.393374568916020451e+01,5.107934962280684488e+01,1.226629415873420470e+02,1.258275829920106190e+02,2.351906193305260118e+01,3.000000000000000000e+00
5.328847530965801127e+01,1.311097575391799523e+02,1.215272205499334461e+02,5.543942176780164033e+01,4.589505233096173953e+01,1.120501881287581085e+02,1.238383874538410794e+02,1.317545012496979773e+01,3.000000000000000000e+00
4.638232348581178854e+01,1.207708662423615635e+02,1.036113277132930790e+02,4.894920090109191335e+01,5.755977333667901519e+01,1.234476476673566481e+02,1.252778755998977687e+02,2.701445222750587050e+01,3.000000000000000000e+00
4.185503360562945119e+01,1.722371645444001729e+02,1.500045654095215468e+02,8.696992131154553363e+01,3.449586048051450859e+01,1.025726676425711190e+02,1.202460968169838935e+02,3.771639020206112036e+01,3.000000000000000000e+00
4.748275592142763202e+01,1.442053222720009842e+02,1.162137477627640578e+02,6.288357890515818838e+01,5.402423868492556380e+01,1.228443360360390813e+02,1.275535718704116590e+02,2.439195584230084535e+01,3.000000000000000000e+00
6.021162255042774092e+01,1.266549302148818725e+02,1.197822964189495565e+02,6.640470800428663267e+01,4.919373525044157702e+01,1.178542371081120166e+02,1.245258359795563194e+02,2.548928722969683847e+01,3.000000000000000000e+00
4.980397910742957635e+01,1.275689134530732503e+02,1.168400785336818473e+02,6.398415053070563374e+01,4.868571610885693701e+01,1.196347803874728584e+02,1.241217296573556439e+02,2.914679470564690789e+01,3.000000000000000000e+00
5.440816045244020671e+01,1.324517733039085670e+02,1.151911132077106856e+02,5.752909075035233855e+01,5.181511885238217729e+01,1.209434405935324861e+02,1.204610032087632163e+02,4.041206690441580918e+01,3.000000000000000000e+00
5.803082060012475552e+01,1.111245168484028909e+02,9.670306472028867972e+01,4.723104431818087789e+01,5.946217070360912516e+01,1.249826702496439879e+02,1.232112827301989171e+02,4.135426882258904868e+01,3.000000000000000000e+00
5.470916729893603048e+01,1.407687938538094272e+02,1.119085067035473458e+02,5.761639760992765247e+01,5.055726559348455140e+01,1.208751052112416460e+02,1.292088443185959648e+02,3.328718056429386962e+01,3.000000000000000000e+00
5.882047079463074368e+01,1.332961117773367050e+02,1.162902869197401117e+02,5.112309633564694167e+01,4.814817742249165633e+01,1.167926726118546412e+02,1.290543747831796395e+02,9.501764146631927588e+00,3.000000000000000000e+00
4.237564082986201441e+01,1.589569111659904479e+02,1.305982182080756786e+02,7.915127667442722270e+01,4.984948827124272697e+01,1.181267295679358966e+02,1.276699239893593614e+02,1.933968424802873187e+01,3.000000000000000000e+00
5.465748106657903804e+01,1.301963266884562245e+02,1.113965478193772327e+02,6.022059011109823956e+01,5.382296498648686622e+01,1.308265766629508278e+02,1.299627960245914551e+02,3.348164559490179926e+01,3.000000000000000000e+00
4.992178114381936638e+01,1.235705877753118358e+02,1.139261941916154370e+02,5.850059716208760108e+01,5.971416934105192809e+01,1.294114155356867855e+02,1.209037614139446646e+02,2.825414342810732649e+01,3.000000000000000000e+00
6.487758661474444466e+01,1.261455929312307234e+02,1.128547352728022588e+02,6.131302038968748747e+01,6.230212191403805377e+01,1.349200366801114228e+02,1.295607678498676307e+02,1.659132832157418846e+01,3.000000000000000000e+00
5.223120275312087557e+01,1.315091550154415359e+02,1.061299676338433500e+02,5.895659489184129853e+01,5.767049594111669109e+01,1.282966189624184210e+02,1.274720520389847280e+02,2.727005508154967117e+01,3.000000000000000000e+00
4.426343572167330365e+01,1.233143085052917201e+02,1.025445345244687161e+02,5.381738332287130788e+01,6.055556341452768265e+01,1.279080280234738183e+02,1.250216948525843890e+02,2.439329872153422940e+01,3.000000000000000000e+00
4.946651248483724572e+01,1.283544426407142964e+02,1.096174144317560462e+02,5.321071670873577375e+01,5.704315773154822722e+01,1.241334379609220662e+02,1.295215561697268640e+02,2.807781461457298633e+01,3.000000000000000000e+00
5.466082321535898103e+01,1.434161989293828015e+02,1.251818919863661108e+02,7.093317274338326683e+01,5.249111406940440361e+01,1.250337243190460157e+02,1.242631370014918701e+02,2.747942479597755394e+01,3.000000000000000000e+00
4.629523960490855217e+01,1.502961469599281372e+02,1.204798049614229001e+02,6.432560095724574012e+01,5.077203963954348609e+01,1.228996658936928554e+02,1.319765032765097601e+02,7.512804877699363892e+00,3.000000000000000000e+00
4.237555458929270458e+01,1.355982712149444183e+02,1.118151914972874863e+02,5.894806950314244887e+01,4.991307303118120586e+01,1.216932508913255049e+02,1.205145746444048029e+02,3.451776614237331842e+01,3.000000000000000000e+00
7.541156428190828365e+01,1.140284873183189944e+02,1.033515161659104962e+02,4.908964056268496279e+01,5.819759554415114877e+01,1.280453888211032734e+02,1.262438424246991673e+02,7.115763317806424126e+00,3.000000000000000000e+00
4.520015784195614117e+01,1.418778025705048549e+02,1.118256556214202391e+02,5.665486593642484081e+01,5.145836972460069347e+01,1.133718441866637363e+02,1.240069803881840471e+02,3.051683527840482313e+01,3.000000000000000000e+00
3.555666140762915006e+01,1.557165816443378503e+02,1.262290570045473714e+02,7.054661395613804586e+01,4.197693060903188922e+01,1.124809030127577358e+02,1.316254308904589152e+02,2.323286194401240579e+01,3.000000000000000000e+00
4.154577466533540786e+01,1.392742001549613633e+02,1.170640136587365987e+02,6.872719181288996992e+01,5.072233032171252631e+01,1.209272517016980260e+02,1.293167068641608068e+02,3.214584712957177004e+01,3.000000000000000000e+00
4.064840218381476689e+01,1.342818356493577028e+02,1.015464003330557290e+02,5.570238681502466704e+01,5.956754428294123471e+01,1.302865054686640178e+02,1.254637243445880159e+02,2.357840319849466582e+01,3.000000000000000000e+00
4.840421905495242072e+01,1.344473417869445200e+02,1.065819497613485964e+02,5.536012868145773780e+01,5.947489706844022095e+01,1.324445674273666782e+02,1.237824117933870269e+02,2.714636625109293178e+01,3.000000000000000000e+00
5.018399463163793683e+01,1.389757534488855697e+02,1.192976618921914138e+02,5.675384110128939597e+01,4.563270437094956122e+01,1.099638915504440178e+02,1.247797453643206609e+02,9.848676199141921828e+00,3.000000000000000000e+00
4.971285892540782214e+01,1.392581578901994135e+02,1.261941023360980978e+02,6.384213530004811332e+01,4.406088469116836848e+01,1.224393881391115286e+02,1.278060519940377304e+02,2.561431523802152910e+01,3.000000000000000000e+00
4.339538086034781372e+01,1.475799879081089898e+02,1.131302035095208822e+02,6.221786191041194769e+01,4.875445737011197878e+01,1.167287236178066934e+02,1.323771692128529480e+02,2.788011873185717349e+01,3.000000000000000000e+00
5.536045713388818967e+01,1.342103730741281993e+02,1.184552389271636343e+02,5.528339730028533694e+01,4.757134736629246419e+01,1.168098136841866364e+02,1.167256090431657896e+02,2.485638009578487129e+01,3.000000000000000000e+00
5.024573163073034010e+01,1.360668577416267340e+02,1.106607750209612817e+02,6.300366094054223964e+01,5.961740791868208333e+01,1.368552987808599255e+02,1.306270184664471969e+02,4.254890761649929232e+01,4.000000000000000000e+00
4.206829548834922150e+01,1.653876617956188966e+02,1.244902492747772413e+02,8.847583381279287096e+01,5.715415504040787198e+01,1.346431242797632422e+02,1.263486366932084337e+02,4.346152262571966673e+01,4.000000000000000000e+00
6.057165056225058919e+01,1.203789851867801843e+02,1.006526564908612045e+02,5.436386747240989337e+01,5.964931994007378080e+01,1.337307274855505455e+02,1.311266692851316975e+02,5.083611684864527547e+01,4.000000000000000000e+00
6.045606702974265545e+01,1.363384759852177694e+02,1.129754727951439151e+02,7.157677625258433807e+01,6.269697800449219471e+01,1.425828065698276248e+02,1.282253553986822965e+02,5.256951032258630363e+01,4.000000000000000000e+00
6.053854622713419786e+01,1.134033189241351778e+02,1.053208156008323328e+02,6.114866884205345343e+01,6.008392564095772315e+01,1.375506110484679425e+02,1.238382726278868518e+02,6.009350200006340259e+01,4.000000000000000000e+00
5.354220581122265799e+01,1.257818132761617704e+02,1.109588919369289925e+02,6.377764737613164669e+01,6.136545024486342470e+01,1.340369984473609577e+02,1.287496965992786500e+02,3.246746403238491752e+01,4.000000000000000000e+00
5.193390758147963737e+01,1.201262472183149868e+02,1.006293631296109083e+02,5.147448279106009039e+01,6.041466414098415783e+01,1.340814363923484223e+02,1.153321199245804394e+02,6.023078685587657333e+01,4.000000000000000000e+00
5.050324041151523602e+01,1.320969211581438856e+02,1.045261236400024671e+02,6.059734590482566574e+01,6.216149143862028836e+01,1.399049102070423203e+02,1.177726940549501080e+02,4.688166433984380177e+01,4.000000000000000000e+00
5.710167220720398973e+01,1.280162238100209890e+02,1.070904859918297234e+02,5.997225338929236216e+01,5.519018990299492344e+01,1.293956644723750173e+02,1.166224102603932664e+02,4.903077343024013146e+01,4.000000000000000000e+00
4.143352119509119547e+01,1.547332442210793602e+02,1.186089453696325222e+02,7.499403513005964328e+01,5.596142189503249398e+01,1.298864017700212230e+02,1.283767504763489171e+02,4.156429424112678817e+01,4.000000000000000000e+00
7.677512284317428737e+01,9.976388044846594028e+01,9.621950792181792167e+01,4.946698911469371751e+01,6.492699359510372403e+01,1.468998686023260234e+02,1.195384493733250224e+02,5.216749816852313870e+01,4.000000000000000000e+00
6.713031128475050480e+01,1.235586350303553047e+02,1.057784280515126483e+02,5.760983537630659157e+01,5.999431535164683282e+01,1.371853907576596896e+02,1.112042611960510641e+02,5.359506434538401720e+01,4.000000000000000000e+00
6.420268760379089201e+01,1.266670462955147798e+02,9.935649528904089323e+01,5.043700877293822771e+01,5.678351199648597003e+01,1.327588773117265362e+02,1.251407338153070299e+02,5.062263845791130024e+01,4.000000000000000000e+00
5.550298480342781460e+01,1.317019681389107291e+02,1.098138034326598529e+02,6.851471609772312377e+01,6.144053771964842525e+01,1.396955641266963823e+02,1.281982203096261230e+02,4.632441982747400999e+01,4.000000000000000000e+00
5.299181218998943876e+01,1.465368345898269808e+02,1.206158880131826407e+02,8.256474057905651875e+01,5.612262566126852192e+01,1.323375517236127337e+02,1.206633374930842564e+02,4.502440113221249618e+01,4.000000000000000000e+00
5.956399557708049741e+01,1.134547119073177299e+02,9.991591453319452398e+01,5.482893951019525502e+01,6.235971480312307591e+01,1.366564996874973872e+02,1.325122405971357580e+02,4.489146012772079075e+01,4.000000000000000000e+00
5.120867276505038035e+01,1.360714266093823710e+02,1.100165111231245589e+02,6.247216083468065051e+01,5.486089568337347089e+01,1.293333697469806509e+02,1.262948701412125558e+02,4.148731364285361423e+01,4.000000000000000000e+00
6.838750830714162987e+01,1.314059413128295262e+02,1.112071051969513178e+02,6.451076018824444702e+01,6.509313408527060574e+01,1.425238598018924847e+02,1.286998825348312607e+02,1.928106019424464534e+01,4.000000000000000000e+00
5.008689511114160808e+01,1.379946678918857401e+02,1.106803019549731175e+02,7.013489851518188800e+01,5.862422794205169652e+01,1.363011054866826157e+02,1.297181214900161876e+02,4.694637204840639555e+01,4.000000000000000000e+00
5.096375218638630855e+01,1.454822597648634144e+02,1.185882619700906702e+02,7.633149993343329243e+01,6.073290883704520127e+01,1.338469365548116627e+02,1.318791002233112408e+02,3.060889752689992704e+01,4.000000000000000000e+00
5.435686202128638911e+01,1.378434745969364883e+02,1.170089891574426701e+02,6.971705623765784310e+01,6.257287662275187046e+01,1.440870396830212883e+02,1.222051779898579156e+02,4.461950957588233280e+01,4.000000000000000000e+00
5.371606196261851807e+01,1.426086314470697403e+02,1.206500939005767492e+02,7.210374292154946829e+01,5.451016745911100969e+01,1.344040601127160812e+02,1.243243908082651785e+02,4.291733960562156369e+01,4.000000000000000000e+00
5.876541466578855477e+01,1.312881759809292816e+02,1.118790163674184868e+02,6.641247247912912144e+01,6.319599366011517816e+01,1.412316640917564428e+02,1.253415381316145272e+02,4.380718931298779495e+01,4.000000000000000000e+00
4.800590072338434311e+01,1.314783810192420788e+02,1.004640679064066262e+02,5.849923947935203472e+01,6.154576292990174835e+01,1.329893525094109918e+02,1.188621859581672311e+02,4.553623547228508528e+01,4.000000000000000000e+00
4.124658335806797282e+01,1.283658104278285350e+02,9.200826542049460954e+01,5.124818128113859927e+01,7.285685646134021454e+01,1.482836173041782217e+02,1.245383421823296999e+02,5.833872029905848677e+01,4.000000000000000000e+00
4.518854537185595888e+01,1.713280940731110888e+02,1.340247090097542468e+02,9.438417950508470255e+01,5.016756558915895425e+01,1.277944697022485911e+02,1.309337116278734641e+02,2.200237801578693109e+01,5.000000000000000000e+00
4.944916998651928708e+01,1.700041535129290935e+02,1.408230361880904695e+02,9.632432706140733103e+01,4.295019171010013537e+01,1.112247509462787036e+02,1.282330570801722445e+02,3.338538700843836438e+01,5.000000000000000000e+00
5.549434384008218046e+01,1.464177615810687882e+02,1.167730847624441708e+02,7.794828084493158826e+01,6.076443967363108101e+01,1.370541341899792087e+02,1.288128657822840069e+02,3.378852454319761733e+01,5.000000000000000000e+00
4.384940453676910721e+01,1.708387098873235175e+02,1.224127860884119343e+02,8.641970144714892399e+01,5.757353896376309166e+01,1.330007721446318953e+02,1.253484025941696842e+02,2.518764372702156962e+01,5.000000000000000000e+00
4.581357465502970427e+01,1.648748452324568916e+02,1.267073431191273301e+02,8.899796248865436610e+01,5.586553685607641739e+01,1.312413685449838283e+02,1.266751923071787331e+02,2.785818069786590101e+01,5.000000000000000000e+00
4.920620493185408861e+01,1.731017069374563562e+02,1.340140743950617264e+02,9.104870595753284590e+01,4.821258957648694121e+01,1.240168882206316709e+02,1.271215983112939796e+02,3.388252660972045049e+01,5.000000000000000000e+00
5.196592965632839167e+01,1.708839123644856670e+02,1.397279775000874054e+02,9.941190719840764700e+01,4.801363302974310443e+01,1.237888203240407847e+02,1.290720262242868444e+02,2.591965799211451227e+01,5.000000000000000000e+00
4.674089429413740504e+01,1.729235137722202467e+02,1.333035968490655421e+02,8.908926994681735323e+01,4.910949992189076596e+01,1.244687896385477899e+02,1.210831381602923642e+02,4.338675819166837755e+01,5.000000000000000000e+00
4.901727816535874638e+01,1.755508708013796308e+02,1.297555392087969608e+02,9.530244192752823551e+01,5.230015932280522861e+01,1.354427190333109081e+02,1.256237696712353227e+02,3.002837186226371458e+01,5.000000000000000000e+00
4.445379563287813340e+01,1.795811470924529658e+02,1.382254611767711197e+02,1.060673697048981694e+02,5.051383534225841032e+01,1.320927210146934669e+02,1.157319659946491726e+02,3.283003252799227312e+01,5.000000000000000000e+00
4.637950329554966800e+01,1.660209516928246671e+02,1.236107550494979108e+02,7.877510122826446093e+01,5.467581111228111723e+01,1.300060871433344971e+02,1.300515946875397617e+02,3.076881831252102018e+01,5.000000000000000000e+00
4.653738825178131577e+01,1.603968770065127387e+02,1.312162338244666273e+02,8.948203616296113694e+01,5.430955503779584603e+01,1.305432116814604342e+02,1.330528556077334770e+02,3.041678420092795676e+01,5.000000000000000000e+00
3.996959250241236106e+01,1.744311653857668034e+02,1.406558379031030768e+02,9.640259971866508693e+01,4.572066313975960838e+01,1.210661645332261287e+02,1.221816995463405817e+02,4.338900087118379645e+01,5.000000000000000000e+00
5.462131975985009547e+01,1.593081300808044318e+02,1.186514590201905861e+02,7.756643419776602855e+01,5.516837001748586289e+01,1.313069204821890708e+02,1.227830485709120723e+02,2.106537396499618353e+01,5.000000000000000000e+00
4.547693073101377337e+01,1.597777373631481908e+02,1.291856999423799266e+02,7.742737497201605379e+01,5.159649026040436581e+01,1.229077691654091495e+02,1.278122269033577680e+02,3.830560820465809968e+01,5.000000000000000000e+00
3.742710828793055100e+01,1.549942341653784297e+02,1.487724371144195743e+02,1.030147968411186952e+02,4.417215975392645788e+01,1.243298945481326143e+02,1.250625244483055525e+02,4.413746646870517765e+01,5.000000000000000000e+00
4.995238790569765541e+01,1.737130324437682987e+02,1.253649155035339220e+02,8.460695148752951411e+01,5.539024005228659320e+01,1.305232323961436123e+02,1.251783021053000482e+02,2.977798171771880931e+01,5.000000000000000000e+00
4.757211850716841184e+01,1.625583340579051139e+02,1.255937577690902742e+02,8.322244119779855964e+01,5.355031208787112718e+01,1.301590003888512399e+02,1.287672468021277155e+02,2.850673677607750278e+01,5.000000000000000000e+00
4.917587803106196276e+01,1.782483261538938564e+02,1.351570494064877721e+02,8.895866943750600342e+01,4.695372342971911195e+01,1.247287560952887731e+02,1.209435390393095560e+02,3.169062043967975484e+01,5.000000000000000000e+00
4.900450940916040565e+01,1.747921492613738224e+02,1.345577727953394458e+02,9.904722890500643473e+01,4.749866572548008747e+01,1.262793613351811075e+02,1.256551649847225889e+02,2.383028038716226149e+01,5.000000000000000000e+00
3.765746366240804122e+01,1.759126402834882015e+02,1.423826215396776718e+02,1.046381192434560319e+02,4.181705176965598980e+01,1.125626801036990514e+02,1.245052628968163617e+02,4.342696760980705761e+01,5.000000000000000000e+00
4.858475332644345457e+01,1.679037395202570622e+02,1.294881346454495485e+02,9.314757509439955641e+01,5.518607611778491417e+01,1.350154106561913352e+02,1.287020930486103509e+02,3.333035729973935446e+01,5.000000000000000000e+00
5.154336213346051920e+01,1.743304656642538930e+02,1.224182389125197119e+02,9.365332187971733902e+01,5.355004074857441054e+01,1.324406729451329170e+02,1.240839072511136720e+02,3.501973401006880238e+01,5.000000000000000000e+00
4.655746210704066357e+01,1.583707746347474199e+02,1.163032651677294780e+02,7.652886124544119184e+01,5.257744441379927736e+01,1.217838517575966932e+02,1.227134946281611292e+02,4.644872158272123386e+01,5.000000000000000000e+00
5.033580094395938431e+01,1.702743076130265365e+02,1.362884477757973229e+02,9.510901208785944050e+01,4.998909971284690812e+01,1.291776832400193769e+02,1.256185294785009035e+02,3.741349327406248193e+01,5.000000000000000000e+00
4.347416504082238475e+01,1.610351284799647260e+02,1.250339517723432863e+02,8.848743928998419506e+01,5.771405851686596122e+01,1.311387745638938043e+02,1.196099562520195434e+02,3.275295550622029594e+01,5.000000000000000000e+00
5.942128707634069684e+01,1.507296033220302149e+02,1.192157104849044345e+02,7.534632255042104987e+01,5.659985581131383015e+01,1.406990140747356008e+02,1.271729718953152002e+02,3.413297378838559837e+01,5.000000000000000000e+00
5.129543523633331148e+01,1.680869976783041579e+02,1.312756894289509262e+02,9.318575246154271952e+01,5.267684808531200247e+01,1.357464511551000896e+02,1.228611054633691424e+02,4.155719986692781021e+01,5.000000000000000000e+00
4.514304867222470818e+01,1.657475875257916584e+02,1.348061567406028587e+02,1.013967661768402877e+02,5.397824175010212144e+01,1.305382065288866897e+02,1.263594375698863104e+02,3.908483258010667782e+01,5.000000000000000000e+00
4.740538015002555028e+01,1.717759867167598600e+02,1.255878701701228124e+02,8.574532080882696050e+01,5.173015565676559646e+01,1.279382851229651692e+02,1.245036285440594668e+02,4.591045610495461204e+01,5.000000000000000000e+00
4.737468265746753104e+01,1.572881305815349435e+02,1.174195893600003444e+02,7.767428404918238982e+01,5.847425325177712097e+01,1.354470313957943688e+02,1.282904804287273066e+02,4.009473305683187050e+01,5.000000000000000000e+00
4.961630883600491160e+01,1.485734889123114044e+02,1.255565020008175168e+02,8.446203213789262065e+01,5.953303775081011651e+01,1.335477064935928126e+02,1.284883198205506574e+02,2.708831466646429931e+01,5.000000000000000000e+00
5.795910261426266885e+01,1.497110108898215231e+02,1.248779294646672611e+02,8.392464882552795302e+01,5.541797410655305356e+01,1.293989392884705580e+02,1.271841621722458342e+02,2.418391278719977677e+01,5.000000000000000000e+00
4.803396830209432267e+01,1.712443464640704462e+02,1.391625229779368169e+02,9.546442444221683843e+01,4.885443621648347090e+01,1.229410698522942766e+02,1.280873492586849238e+02,2.970206449275157112e+01,5.000000000000000000e+00
4.040362649405157214e+01,1.590472445560116910e+02,1.239570204005535601e+02,8.355933486145211475e+01,5.468385651338395803e+01,1.261256101099401405e+02,1.218352908561571297e+02,3.418035129726038690e+01,5.000000000000000000e+00
5.446961070725362930e+01,1.578710994044745064e+02,1.359407521163847434e+02,8.849551248596185360e+01,4.656142697873819003e+01,1.244321586189169437e+02,1.244874164680603030e+02,2.916825745679558324e+01,5.000000000000000000e+00
4.081695477324664978e+01,1.674861259936326690e+02,1.278182555998650116e+02,8.875289488463644716e+01,5.062290835983943538e+01,1.250613411314959791e+02,1.262922983198070028e+02,4.263575982696839617e+01,5.000000000000000000e+00
4.501479896218288701e+01,1.787488967022101747e+02,1.263815658620548703e+02,9.853540189768413882e+01,6.133116773922102993e+01,1.490412685967152981e+02,1.247452504273820466e+02,4.068036376357292738e+01,5.000000000000000000e+00
4.316980255860889315e+01,1.770866002005172106e+02,1.387754220323532763e+02,9.663278753555347578e+01,4.763496524671791121e+01,1.203845924769127862e+02,1.228666644539662514e+02,3.779577480182739180e+01,5.000000000000000000e+00
4.863257328933375589e+01,1.510361604098015960e+02,1.148030467250276416e+02,7.281174123580873925e+01,5.926857050416693085e+01,1.331643702043726307e+02,1.300906427776548924e+02,2.578229247540715718e+01,5.000000000000000000e+00
3.568616255314453412e+01,1.592594463839691343e+02,1.466156013494121737e+02,1.109883792672126646e+02,4.659109223498995078e+01,1.308318507088800118e+02,1.200482723347219860e+02,4.702917833686395710e+01,5.000000000000000000e+00
4.511906123718830486e+01,1.716007938352272504e+02,1.301387931222021166e+02,9.455132770632266670e+01,5.386626720589296013e+01,1.329745563700732021e+02,1.227503852924985353e+02,4.219016162835414008e+01,5.000000000000000000e+00
3.791919776510319195e+01,1.786492177530274432e+02,1.267548829459600626e+02,9.609911291659173571e+01,5.655173077054811159e+01,1.367730962748361208e+02,1.252250918507241835e+02,2.612541292537931881e+01,5.000000000000000000e+00
5.246537365767654393e+01,1.546313912910837303e+02,1.257575864989410519e+02,8.881074450765878225e+01,5.770137776742387814e+01,1.316147807736407174e+02,1.272089108240959376e+02,2.658642408937338431e+01,5.000000000000000000e+00
3.148141294290369530e+01,1.783219946800544449e+02,1.275759462208316677e+02,8.996200309220355962e+01,4.822284338808452020e+01,1.209507316857226300e+02,1.206740113656559856e+02,3.759407908118095065e+01,5.000000000000000000e+00
4.334064571063626659e+01,1.783368835249924302e+02,1.298425757391547677e+02,8.664361126008954272e+01,5.013801418594670878e+01,1.217611197501370270e+02,1.187817959747630567e+02,3.797086387490462300e+01,5.000000000000000000e+00
5.021997443442266018e+01,1.629227070732868583e+02,1.221740766602649586e+02,7.914557613006203951e+01,5.532639425259667831e+01,1.289397572440209387e+02,1.200747074733537829e+02,4.954050058715031923e+01,5.000000000000000000e+00
4.384618211086137052e+01,1.674808090510069576e+02,1.357177503133687253e+02,9.940672663567920608e+01,5.449362243383298221e+01,1.331059443750508251e+02,1.278363239388928463e+02,1.890450980954942750e+01,5.000000000000000000e+00
4.501421399887276920e+01,1.651861955881088875e+02,1.348938249842525181e+02,9.345795962340511664e+01,4.945513959146586558e+01,1.274953712214599335e+02,1.270951764233647481e+02,3.339582670279866505e+01,5.000000000000000000e+00
4.424154049854963944e+01,1.699118641400079639e+02,1.263477489056506329e+02,8.783400410477669595e+01,5.203086171736692478e+01,1.268394149243073343e+02,1.316605467089781314e+02,3.913205948177578364e+01,5.000000000000000000e+00
4.157635211258261165e+01,1.788675048518024084e+02,1.419285030248933026e+02,1.099303901460389170e+02,5.197768164623159493e+01,1.315147785488723002e+02,1.312707607119448312e+02,2.734224345034707682e+01,5.000000000000000000e+00
5.671730678872405207e+01,1.607666555275189069e+02,1.196408766306550007e+02,8.216288874463135983e+01,6.267953708036961302e+01,1.422207933702456444e+02,1.267687536117082345e+02,1.958290366343483413e+01,5.000000000000000000e+00
5.433930157151148421e+01,1.492001088093061298e+02,1.195482453757469870e+02,8.155969222543602370e+01,5.715660498412011492e+01,1.313902054210361428e+02,1.300856457582796111e+02,3.132319141117772077e+01,5.000000000000000000e+00
4.548223762182379915e+01,1.768569357096739907e+02,1.329904336963475089e+02,8.972901633682619149e+01,4.692474032368605208e+01,1.235457477982970147e+02,1.294179297812708853e+02,2.707781709606563680e+01,5.000000000000000000e+00
5.509112897121014640e+01,1.580806473345571419e+02,1.213648230402422570e+02,8.137858879943115653e+01,6.034804602909100169e+01,1.367283460048370785e+02,1.282801906106049898e+02,2.216610970770009104e+01,5.000000000000000000e+00
4.216515559434434124e+01,1.737788475478471355e+02,1.302150405155074679e+02,9.111909553927060301e+01,5.384511941480999297e+01,1.271243635413022020e+02,1.300060329349070969e+02,2.774241234746746443e+01,5.000000000000000000e+00
4.082498318351084521e+01,1.759582629414842643e+02,1.396310121386382548e+02,1.018740484904325712e+02,5.105955355574292298e+01,1.283372793392578046e+02,1.259707445628393998e+02,3.034165653847136568e+01,5.000000000000000000e+00
3.428398044618900542e+01,1.763810511080358765e+02,1.303873226024215057e+02,9.248286871644894802e+01,5.046136918531213666e+01,1.240617429232590325e+02,1.302496994258132759e+02,2.612384866735041555e+01,5.000000000000000000e+00
3.060389759663290477e+01,1.641175092390762416e+02,1.278184237252268360e+02,9.375975065648840712e+01,5.224137488671214413e+01,1.238731742311559003e+02,1.292443547166385827e+02,3.393073995699568002e+01,5.000000000000000000e+00
4.038723414519735400e+01,1.748265174237052975e+02,1.360153490506731373e+02,1.001519636612489847e+02,5.438460654959229856e+01,1.310521461452612755e+02,1.255012724732461038e+02,2.884878256368305927e+01,5.000000000000000000e+00
4.756050588577364380e+01,1.767669344163539336e+02,1.236185880158913903e+02,9.162544643944238487e+01,5.648792912622408124e+01,1.403243040119936040e+02,1.256335713558528653e+02,3.775315493010486989e+01,5.000000000000000000e+00
3.384323531155585130e+01,1.787822060332665899e+02,1.239181691633981330e+02,9.134173570805897668e+01,5.627995470498664332e+01,1.286560532857194232e+02,1.268659385416331418e+02,3.527959017962364641e+01,5.000000000000000000e+00
4.101973960306577283e+01,1.788871308878041475e+02,1.441613402055258746e+02,9.920792837138212406e+01,4.366626597512439645e+01,1.179807815590158953e+02,1.281403220516241674e+02,2.978273104820238260e+01,5.000000000000000000e+00
4.935312283549607315e+01,1.620888197810493239e+02,1.258099317006137738e+02,8.720854293063456453e+01,5.554242855227629150e+01,1.307874169556359902e+02,1.299529890234902894e+02,3.714139401481427427e+01,5.000000000000000000e+00
4.742467580609504552e+01,1.632179118782047169e+02,1.332746618637778226e+02,9.117009339744332408e+01,5.123348861066055093e+01,1.261159587194928804e+02,1.192430804560257513e+02,3.145285816638286036e+01,5.000000000000000000e+00
3.894822130264826399e+01,1.607667615127760428e+02,1.203885941590353781e+02,7.428040854744192245e+01,4.884663025216028842e+01,1.193443049569332572e+02,1.295642957844108594e+02,3.839923015845513987e+01,5.000000000000000000e+00
5.560195977878561990e+01,1.440808922968111006e+02,1.124521437431893247e+02,7.100224513720770858e+01,6.151905158433908127e+01,1.333148527754078430e+02,1.243133613258095238e+02,3.493142732975310594e+01,5.000000000000000000e+00
4.715915679694468565e+01,1.645353561638201541e+02,1.338161768476783493e+02,9.090625526884038266e+01,5.149233681478059310e+01,1.293792906883130058e+02,1.257607440958482385e+02,3.807581144527731709e+01,5.000000000000000000e+00
4.240626142979190405e+01,1.779284800309490038e+02,1.360200483077396427e+02,9.488371227226767246e+01,4.587382955537396612e+01,1.172497826885933279e+02,1.184170976518880991e+02,3.981568405168225411e+01,5.000000000000000000e+00
5.366161694109155178e+01,1.329169274340029858e+02,1.080034725655633849e+02,4.905132919408297454e+01,4.966258973142746669e+01,1.283104672924695251e+02,1.286637747319619507e+02,4.281045992559112534e+01,6.000000000000000000e+00
3.161515022178502576e+01,1.406062908112055254e+02,1.260949008397194433e+02,5.980154151222352965e+01,4.436560145885285777e+01,1.183611167838410552e+02,1.281965824817964403e+02,3.870036204705071015e+01,6.000000000000000000e+00
4.207177151348446387e+01,1.156969637008774896e+02,9.227777477946975182e+01,4.629319030614130526e+01,6.572092681214152776e+01,1.369875917035517148e+02,1.324023762349160620e+02,6.857148769202636274e+00,6.000000000000000000e+00
4.348008951411966194e+01,1.319588186209335845e+02,1.117824152028262716e+02,5.437691409618443572e+01,4.896902162775131728e+01,1.229470944142282889e+02,1.291243823638442052e+02,4.148808619105086848e+01,6.000000000000000000e+00
4.992126270315366554e+01,1.402722368458917686e+02,1.160274122616953321e+02,5.327785163649634370e+01,4.623458680930136921e+01,1.183195760616692525e+02,1.258013800048087205e+02,3.947947993945087575e+01,6.000000000000000000e+00
5.168317913841797662e+01,1.261723108340713253e+02,1.080860604665603120e+02,5.028844785230483438e+01,5.002453054305325253e+01,1.279506728453104643e+02,1.315256440681900472e+02,3.754473866761913570e+01,6.000000000000000000e+00
3.694398675183870040e+01,1.240881497434870937e+02,1.091907609497102669e+02,5.550474269931088855e+01,5.306184336479724806e+01,1.274870350468961675e+02,1.274770760921206971e+02,4.185109972646122856e+01,6.000000000000000000e+00
4.562664596044156440e+01,1.319756337338154992e+02,1.069561274491795331e+02,6.149077325442592468e+01,5.677018476870978247e+01,1.331475720125254156e+02,1.205487003680183307e+02,4.099500498356785272e+01,6.000000000000000000e+00
5.005285496146037616e+01,1.218119575299692485e+02,1.054005028208624850e+02,5.482510089304728496e+01,5.493496514115002327e+01,1.313060666765725557e+02,1.189365682795596371e+02,4.915865565396197923e+01,6.000000000000000000e+00
4.370228721763345447e+01,1.300661182661785915e+02,9.061929438823682403e+01,4.158386909051956337e+01,6.076636404277745385e+01,1.275359919021364590e+02,1.256545875715534777e+02,4.778960068026356822e+01,6.000000000000000000e+00
4.281196710054883425e+01,1.139398238410737321e+02,1.050544692838746528e+02,5.419571128449054953e+01,5.366881031454556705e+01,1.286193117249027011e+02,1.244937570679453671e+02,4.711794028698081149e+01,6.000000000000000000e+00
3.765790627112715327e+01,1.373567476577510433e+02,1.064040715280915350e+02,5.119691704301508395e+01,5.466146240104924914e+01,1.376853885017627874e+02,1.269264068974422628e+02,4.141602094074617213e+01,6.000000000000000000e+00
3.332511990686651160e+01,1.288815950332947580e+02,1.013007009373894647e+02,5.321650702762676133e+01,5.856843446768623807e+01,1.291662628321383579e+02,1.232977386577311023e+02,3.910807167991362121e+01,6.000000000000000000e+00
4.890196186955269297e+01,1.185866092223666044e+02,9.852662072580399411e+01,5.116424604305279900e+01,6.200898528766870754e+01,1.413073448429173311e+02,1.215830817862716344e+02,4.341488983803517954e+01,6.000000000000000000e+00
4.233986964729742652e+01,1.170831457236697162e+02,1.028108130689188897e+02,4.912947542502344334e+01,5.752372710658756461e+01,1.319068482583591333e+02,1.246662331476727417e+02,4.065027769667938173e+01,6.000000000000000000e+00
3.878475687546574591e+01,1.200027704144387997e+02,9.994071124008223705e+01,4.744025353767472808e+01,5.817922815737851039e+01,1.256653869944991868e+02,1.263966792410766828e+02,3.887569354071290206e+01,6.000000000000000000e+00
4.253956931116129425e+01,1.302717803969725026e+02,1.109453687835405873e+02,5.143669427243772674e+01,5.085814685545777536e+01,1.279164655371684773e+02,1.185757833548893387e+02,4.275952734960769419e+01,6.000000000000000000e+00
4.478289062840894275e+01,1.392906801708706723e+02,1.012722666342288704e+02,4.908742254557026286e+01,5.402859983751576323e+01,1.294282335197555085e+02,1.244408688736346562e+02,4.723504325470038623e+01,6.000000000000000000e+00
5.263248554428812298e+01,1.167440439299547279e+02,9.985555472990300530e+01,5.827105107854148258e+01,6.201443495196949129e+01,1.318703864495154221e+02,1.243548033612129302e+02,2.877663370656751596e+01,6.000000000000000000e+00
5.718487790852950781e+01,1.251831718987817652e+02,1.098006298825548441e+02,4.855134584440014578e+01,4.972666825267676671e+01,1.193893179918476761e+02,1.275047766044236681e+02,4.270346453126798281e+01,6.000000000000000000e+00
3.851093805986275243e+01,1.400620654574301227e+02,1.203083623948930665e+02,5.910915822797426245e+01,5.086267747844753728e+01,1.304991719369934344e+02,1.210654884305569539e+02,4.523599596044713422e+01,6.000000000000000000e+00
3.666839237977971777e+01,1.285398331978611566e+02,1.132646439461896506e+02,5.783890029237652897e+01,5.393370725791626086e+01,1.295291759345140576e+02,1.269667767306857087e+02,4.074343198612823613e+01,6.000000000000000000e+00
3.793658899084871905e+01,1.231124606882996773e+02,1.012470610797996216e+02,5.641695905271204481e+01,6.158179401139033615e+01,1.350066391073031298e+02,1.301612132394493813e+02,3.772759559198060231e+01,6.000000000000000000e+00
3.834115030745513764e+01,1.311101883436929825e+02,1.056851230003119468e+02,5.204737867518611694e+01,5.302171736951090963e+01,1.278385000070167479e+02,1.221027941599599274e+02,4.468509555362683017e+01,6.000000000000000000e+00
2.803058531513303109e+01,1.264093227342974473e+02,1.004844873674041708e+02,5.204607842319514788e+01,5.542333529566979422e+01,1.288274645611231506e+02,1.241549204468720831e+02,4.002757405449107608e+01,6.000000000000000000e+00
3.967500473210362344e+01,1.368187322979734404e+02,1.190332092689862975e+02,5.994273172873699451e+01,4.552374651662718463e+01,1.202312742119179916e+02,1.243281964765779151e+02,4.893153404863060985e+01,6.000000000000000000e+00
2.512134668621679978e+01,1.072153455340729948e+02,8.254202489515756724e+01,4.012027082599919225e+01,7.527077193395524546e+01,1.452705255194046003e+02,1.276650366861892678e+02,4.534180734296997883e+01,6.000000000000000000e+00
4.609973512521160188e+01,1.189301268773750166e+02,1.130584315090014798e+02,5.327901464517859154e+01,5.338678361304550890e+01,1.297418793140418813e+02,1.263668234642321977e+02,4.217111342232146143e+01,6.000000000000000000e+00
8.920162418106910707e+01,7.320138231494860293e+01,1.064978966194327370e+02,3.308134427529637378e+01,5.649692659083246582e+01,1.299974240957830602e+02,1.237093111586583944e+02,4.570576658720816710e+01,7.000000000000000000e+00
1.068775295023761203e+02,7.245021986229507149e+01,9.060748632861843532e+01,3.550248576465103412e+01,7.073527799249292514e+01,1.373278367778742393e+02,1.230986752843444663e+02,4.912929531084404289e+01,7.000000000000000000e+00
8.878083248514649028e+01,1.020804951015176556e+02,1.072344650327763560e+02,4.651572085446738924e+01,5.136826383088308745e+01,1.299643204058109802e+02,1.154974238070048358e+02,4.599342205029309838e+01,7.000000000000000000e+00
9.584303444423771623e+01,9.554430384068641047e+01,1.014231297457608036e+02,4.144382143505841753e+01,6.173477846266588642e+01,1.351861376323788022e+02,1.148637197511594366e+02,5.316754191905156546e+01,7.000000000000000000e+00
5.066261220765856876e+01,7.916888378722187269e+01,9.131392134851022035e+01,3.225925424259986585e+01,6.637617298715613856e+01,1.320395461635187360e+02,1.188878198373906514e+02,4.980731091235112018e+01,7.000000000000000000e+00
9.108314724232285187e+01,1.076205377586607597e+02,9.830583377001903500e+01,4.738684158731839347e+01,6.081110311800313895e+01,1.367315695315680841e+02,1.171238091715943312e+02,4.888352230384686692e+01,7.000000000000000000e+00
1.071942939799902206e+02,7.209624048726257683e+01,1.067875820214778315e+02,3.663075335051030379e+01,5.545902090407221863e+01,1.314514122074634770e+02,1.229709097027459848e+02,5.220273628523548837e+01,7.000000000000000000e+00
9.925268803032139431e+01,9.217732708464944835e+01,1.070969453785274084e+02,4.349062482997024404e+01,5.559326061414341780e+01,1.312704814383419318e+02,1.136542965631539914e+02,5.069012615951283607e+01,7.000000000000000000e+00
9.998764803589010342e+01,8.776263465833230271e+01,1.036103944298197064e+02,3.487182055598701425e+01,5.819818705970148187e+01,1.350312668224748904e+02,1.124654692105912233e+02,5.846073181345295922e+01,7.000000000000000000e+00
1.069434090832688469e+02,8.341358490092633815e+01,1.111616316639679241e+02,4.200302293290591393e+01,5.663211825185293691e+01,1.323690031974176691e+02,1.213276101304235084e+02,5.682639298030100150e+01,7.000000000000000000e+00
9.169885481777500047e+01,1.102353661007610413e+02,1.038038502628295987e+02,4.790700087035706645e+01,5.615228275672388492e+01,1.338806066289563717e+02,1.122476637713091918e+02,5.124392481821285372e+01,7.000000000000000000e+00
1.033935601627532321e+02,7.641898228138884974e+01,9.583225268508353167e+01,3.642860445883145104e+01,6.786049694217929584e+01,1.421962591728591292e+02,1.218008046316839597e+02,4.699688870755598913e+01,7.000000000000000000e+00
1.155462700046483349e+02,5.871874387086285907e+01,9.256805377480743857e+01,2.831312300089535583e+01,6.779946596316924001e+01,1.359302142752719647e+02,1.238836186081201305e+02,6.196374939534570103e+01,7.000000000000000000e+00
7.017596913410450554e+01,1.347644101323114398e+02,1.146600907916288321e+02,5.495509793395564913e+01,4.701198781459930842e+01,1.205582676421090582e+02,1.165453573135198582e+02,5.774065958258882603e+01,7.000000000000000000e+00
1.011268639395760687e+02,8.867173831567222919e+01,9.438865992850408304e+01,4.070594825165520092e+01,6.506177631404462147e+01,1.381340053565257335e+02,1.129305091402736281e+02,3.938393972131451903e+01,7.000000000000000000e+00
1.027187111698622317e+02,8.508227505106501098e+01,9.940927299808944895e+01,3.688203343369684717e+01,5.758356317334509811e+01,1.321952701508780876e+02,1.152841811440155197e+02,5.193221776521693300e+01,7.000000000000000000e+00
1.029038272606817515e+02,8.487040554741459175e+01,1.081235716207223447e+02,3.860279031985076159e+01,5.731484227889563243e+01,1.408085862117449096e+02,1.142116922859968895e+02,5.581135895550139026e+01,7.000000000000000000e+00
1.062421408804923999e+02,8.041987216290181095e+01,9.164622207090857842e+01,3.599010214996269497e+01,6.630400015530021562e+01,1.348339539966309530e+02,1.139728435778809228e+02,5.280665292730138560e+01,7.000000000000000000e+00
1.161009269633790950e+02,6.775482118159921185e+01,1.010587619759797633e+02,3.303098574575577118e+01,6.166384798679856516e+01,1.397755217395255158e+02,1.182002460703273670e+02,5.030300431924583648e+01,7.000000000000000000e+00
1.104328685296794816e+02,6.524796275252988664e+01,9.909325265312564568e+01,3.051965008192381035e+01,5.903136442239611625e+01,1.297978921913197041e+02,1.212534947659675595e+02,5.191402058458308488e+01,7.000000000000000000e+00
1.090155399636665834e+02,8.042175557193647251e+01,1.039148443149549479e+02,3.715219207358337172e+01,6.113535978550948613e+01,1.415164318318273331e+02,1.098539331260016780e+02,4.395245786047524916e+01,7.000000000000000000e+00
1.103929110415349300e+02,7.451339886686901082e+01,9.989376562250411951e+01,3.781074489564611696e+01,6.321758332162334426e+01,1.385000256510669772e+02,1.213348635207733963e+02,4.635675837852451764e+01,7.000000000000000000e+00
1.103381327709720807e+02,6.989144529182054555e+01,9.445449492754849530e+01,3.407721222925448501e+01,6.349532076222940447e+01,1.360108029358965780e+02,1.172084759675122996e+02,5.347734795881657277e+01,7.000000000000000000e+00
1.004614439301313240e+02,8.536323626123721908e+01,1.043087546027977623e+02,4.106199610447463044e+01,5.609859068998588327e+01,1.310101407911587614e+02,1.145702125732748726e+02,5.908307840972239688e+01,7.000000000000000000e+00
1.137207782256294024e+02,7.723542339286191805e+01,9.819686521910395527e+01,3.712719543917695830e+01,6.696942515586871991e+01,1.376978955426791345e+02,1.169618217357903092e+02,5.550092387567776342e+01,7.000000000000000000e+00
1.015150371970126173e+02,8.811303542659857158e+01,1.003087452835421942e+02,4.316751235093455108e+01,6.235078581892100402e+01,1.347721031610612386e+02,1.152474681874651452e+02,5.308840638054552841e+01,7.000000000000000000e+00
1.126776922579913816e+02,7.440657253495953682e+01,9.178117802767803823e+01,3.700209351233498012e+01,6.603637421392792817e+01,1.365517447380856595e+02,1.156839474174246618e+02,5.587024350193325262e+01,7.000000000000000000e+00
7.836746283723955742e+01,9.182509619950744195e+01,1.176396439359908044e+02,3.968725860452224197e+01,5.252572910005281415e+01,1.253419981657174560e+02,1.076800061062070455e+02,5.778201002765067784e+01,7.000000000000000000e+00
9.150804914619438080e+01,9.704504383829437586e+01,9.601757924519090182e+01,4.542062300709171296e+01,6.522024141611802861e+01,1.369219334895261397e+02,1.181772844101156608e+02,4.473999621868745891e+01,7.000000000000000000e+00
9.355540476685969509e+01,9.888362925066913078e+01,1.080193667824726589e+02,4.789992332835726785e+01,5.708533618176682722e+01,1.329116604082769300e+02,1.190951150319830418e+02,4.873048715842252676e+01,7.000000000000000000e+00
8.527717363190602384e+01,1.010407102906157775e+02,1.010587380551039871e+02,4.274115174561155328e+01,5.992637392280522590e+01,1.398783189260547886e+02,1.198458472506502375e+02,4.929293846888239727e+01,7.000000000000000000e+00
1.071811627857641867e+02,8.595109443586149212e+01,1.029830450160423396e+02,4.343517841174142546e+01,6.166523497608496029e+01,1.403046147974530413e+02,1.197581575188777663e+02,5.058190020138381016e+01,7.000000000000000000e+00
8.333357764930751443e+01,1.073733333676623687e+02,1.027669280534440617e+02,4.961247433314844812e+01,6.322626298420134816e+01,1.354215310954968459e+02,1.211563381977694291e+02,5.132648338309904545e+01,7.000000000000000000e+00
9.965879370167340312e+01,8.456483889088440264e+01,9.599741888999496098e+01,3.944912424696571662e+01,6.294868807962870250e+01,1.346046254293336517e+02,1.116154179709473340e+02,6.241563729785746517e+01,7.000000000000000000e+00
1.088465819694458929e+02,8.071263637689584414e+01,9.943054724599006988e+01,3.869761607929606129e+01,6.446376867746140249e+01,1.372896889367547999e+02,1.161477499572596344e+02,5.624245036502261286e+01,7.000000000000000000e+00
9.699355094904565533e+01,8.965295255604060287e+01,1.056042925099025211e+02,4.154765324452191777e+01,5.951445294633347061e+01,1.391273124036324305e+02,1.180046582966008231e+02,4.908782262180776002e+01,7.000000000000000000e+00
1.128273678980278873e+02,7.721087517565212011e+01,9.731018007905302625e+01,3.889798623113981790e+01,6.346420354758457449e+01,1.349894279223519504e+02,1.194138304235750638e+02,4.544076795569553440e+01,7.000000000000000000e+00
1.086789624790666551e+02,7.626307475747800879e+01,9.885200206998408134e+01,3.445329959000166298e+01,6.284112563924495731e+01,1.366983118147084895e+02,1.149881688194260079e+02,5.511303049260384057e+01,7.000000000000000000e+00
9.584584901453997929e+01,9.053937092895947103e+01,1.024520797703999619e+02,4.186432180995613095e+01,6.208945290513717907e+01,1.341404429749515259e+02,1.146134323474804688e+02,5.476068052854184742e+01,7.000000000000000000e+00
9.546208703241940441e+01,9.213445102218317118e+01,1.046122095241056087e+02,4.078788815161048831e+01,5.521305719829557290e+01,1.310998127287269881e+02,1.148376927780590790e+02,4.580339065612465532e+01,7.000000000000000000e+00
1.103126688513912370e+02,7.367716550580117030e+01,9.891583873897151591e+01,3.848422722006370122e+01,6.610265415476571604e+01,1.384374894274570806e+02,1.211963551124509593e+02,5.193448331370026239e+01,7.000000000000000000e+00
7.435961537038582492e+01,1.136105121059128606e+02,1.037955905362337035e+02,5.344090822773585359e+01,5.551170649004264135e+01,1.313733207781429257e+02,1.176432367027416319e+02,4.841753560425531333e+01,7.000000000000000000e+00
1.046550138926579052e+02,8.478274524869819118e+01,9.790250056420585167e+01,4.109415084344841063e+01,6.608550254557181347e+01,1.414585197463759130e+02,1.166435801082320154e+02,5.319397929124546209e+01,7.000000000000000000e+00
1.167832212227279314e+02,7.007490263392139695e+01,9.566960041947035620e+01,3.571604497272051049e+01,6.576487289089878630e+01,1.398626011762940777e+02,1.216765611245267138e+02,5.269215373098737132e+01,7.000000000000000000e+00
9.229531579231606031e+01,1.069868527278726447e+02,1.130367710484118504e+02,4.652402983698326722e+01,5.003847428274766429e+01,1.230811504532080249e+02,1.165730304497813705e+02,6.190421649685480787e+01,7.000000000000000000e+00
9.468038102780401744e+01,8.088120418087400765e+01,9.146516839003815846e+01,3.881560566295370762e+01,6.943943267228925720e+01,1.387605991848151916e+02,1.229237212016475382e+02,4.719695297630253350e+01,7.000000000000000000e+00
8.937471815563431221e+01,1.017153007771073732e+02,1.059520117990922614e+02,4.324473533174108297e+01,5.781503016064075240e+01,1.343935051591167280e+02,1.147150497207545641e+02,5.421227339459461803e+01,7.000000000000000000e+00
9.137614298030706550e+01,1.086039627670859318e+02,1.166183210969415285e+02,5.038204494780099196e+01,5.185586701212342575e+01,1.347358321525840381e+02,1.158567680032683285e+02,5.077628917202725489e+01,7.000000000000000000e+00
1.008900296592961467e+02,8.674451762902661756e+01,1.034591125397999605e+02,4.362934674745655173e+01,6.375828768490458742e+01,1.379818731833448453e+02,1.138996101926718012e+02,5.496710793189505040e+01,7.000000000000000000e+00
1.115505364830904966e+02,6.759373098311240824e+01,9.505852088257334742e+01,3.433620015074751564e+01,6.754417683943158579e+01,1.414232955720750624e+02,1.211775726655397847e+02,5.910943765574810271e+01,7.000000000000000000e+00
9.432064458130693652e+01,9.473084223747964927e+01,9.621701332544786567e+01,4.730998800611982347e+01,6.362221834367336726e+01,1.342142451727947616e+02,1.165120287141118638e+02,5.466262321308450822e+01,7.000000000000000000e+00
4.184611193160577614e+01,1.514884469802487672e+02,1.194263409843660355e+02,6.437736027383289183e+01,4.757520369800115390e+01,1.181903234811907026e+02,1.179576953985507117e+02,4.540863902119820494e+01,7.000000000000000000e+00
1.047996569373959659e+02,8.240679638145260810e+01,9.978436808322355489e+01,3.991617387875492540e+01,6.255718148004662993e+01,1.364572808171361658e+02,1.172049266327845913e+02,5.713414774147113917e+01,7.000000000000000000e+00
1.026353970739513954e+02,8.346541204804042025e+01,1.090254293891587878e+02,3.960941247594684000e+01,5.644234607739421961e+01,1.281390941432864850e+02,1.112654577634009314e+02,6.357732151098774409e+01,7.000000000000000000e+00
1.027458164839047754e+02,9.104181105740144631e+01,9.732180551104302424e+01,3.847615972952176833e+01,6.041031759666476830e+01,1.344213469704669706e+02,1.092971892913185314e+02,6.724467049751366687e+01,7.000000000000000000e+00
8.665714393455007780e+01,9.000176632309714364e+01,9.239171575462216879e+01,4.196645846114675749e+01,6.795404416134937264e+01,1.379461705131818405e+02,1.192311147930096809e+02,4.489001319749802121e+01,7.000000000000000000e+00
9.025518323169212920e+01,7.608871359802100187e+01,1.042808543902327472e+02,3.391872289147482178e+01,5.872071263704201272e+01,1.310370672241397472e+02,1.149314504264971220e+02,5.379049606484266377e+01,7.000000000000000000e+00
1.039997893344603312e+02,9.013821093420693842e+01,1.098249323109758109e+02,3.886539632956274204e+01,5.399969674934162356e+01,1.334585090056587262e+02,1.113175475130417738e+02,5.063141575391330207e+01,7.000000000000000000e+00
1.049191331929229278e+02,8.549030886022060827e+01,9.758656868635175385e+01,4.152439843828689447e+01,6.425229161184238080e+01,1.371935011069897428e+02,1.254702828856561894e+02,4.687696725264706998e+01,7.000000000000000000e+00
9.452251213205637725e+01,9.767368946531557583e+01,1.152349669545419459e+02,4.827308695169967478e+01,5.580088721720757405e+01,1.308793728527335247e+02,1.165844662204871724e+02,5.761268646842501084e+01,7.000000000000000000e+00
1.028018097408453002e+02,7.633652753979390582e+01,1.067383079163621318e+02,3.582913207902280561e+01,5.342764565863544846e+01,1.322302910557612563e+02,1.181646518085387214e+02,4.426743190092938818e+01,7.000000000000000000e+00
8.266092869138675781e+01,1.001603890946644100e+02,1.033650897391571704e+02,4.792620448874528449e+01,6.037633436737679204e+01,1.311434026564523663e+02,1.215404571859074139e+02,5.148420561659502681e+01,7.000000000000000000e+00
1.068359938526904358e+02,8.873876868529596607e+01,1.007791516351195042e+02,4.464041357791607822e+01,6.514677825270690903e+01,1.372121384369906423e+02,1.186922010246725705e+02,4.872921226606558065e+01,7.000000000000000000e+00
1.078824619611172722e+02,7.669514957694953239e+01,1.011798025795354903e+02,3.791065969341449460e+01,6.205151598084987796e+01,1.373803026295512382e+02,1.128028352549574862e+02,5.119171069711568123e+01,7.000000000000000000e+00
1.011262830711972214e+02,8.074836273484862659e+01,9.869975058625324493e+01,3.973348472092327910e+01,6.078146013172257511e+01,1.377611856184390433e+02,1.202660932394557847e+02,3.753396377902784309e+01,7.000000000000000000e+00
1.007360845656091186e+02,1.002510124857841163e+02,1.126269709059855160e+02,4.429433769635326712e+01,5.131657403883446023e+01,1.337891795067490079e+02,1.140788979364381817e+02,5.918535994976752335e+01,7.000000000000000000e+00
8.977713976733757306e+01,9.509181877984880771e+01,9.450837123386430960e+01,4.162420924408006329e+01,6.086286079950019712e+01,1.343082319676790064e+02,1.241978829549991872e+02,4.840760861016146777e+01,7.000000000000000000e+00
8.235215516342576336e+01,9.235856302028996367e+01,9.347318809665402739e+01,4.036512703200668994e+01,6.653877532749183388e+01,1.323581166144361987e+02,1.226609823448129362e+02,4.934625949172392723e+01,7.000000000000000000e+00
9.700100329925722065e+01,9.359734093533178623e+01,1.030635190609460068e+02,4.500215436513156675e+01,6.080068466637357716e+01,1.366197626825425289e+02,1.218020738108884586e+02,5.423527255919706391e+01,7.000000000000000000e+00
9.309849154453601727e+01,9.855159227117492549e+01,1.081655576660869684e+02,4.433622423174286808e+01,5.497933357933372633e+01,1.301392706709515608e+02,1.074872024506403960e+02,5.935913176519590451e+01,7.000000000000000000e+00
1.056001259954792602e+02,9.097052201155676698e+01,9.254667995085907251e+01,4.022498999084126581e+01,6.380055622912634306e+01,1.364321262613962062e+02,1.255361825795388313e+02,3.899533619947496987e+01,7.000000000000000000e+00
9.373395292989033578e+01,8.779275180146478874e+01,8.492290157514904081e+01,3.957459659508231908e+01,6.686731518416760878e+01,1.358449405226809859e+02,1.198610440355273425e+02,4.072654519537940132e+01,7.000000000000000000e+00
8.643326229771952285e+01,1.044636126329183696e+02,1.019316527416704616e+02,4.959799944607777178e+01,6.603460938552203174e+01,1.451908104936296127e+02,1.185631674094111787e+02,5.020722314396211061e+01,7.000000000000000000e+00
9.870575323216894503e+01,8.733307271143743833e+01,9.782887105758734947e+01,4.195304076504615409e+01,6.075233660634813049e+01,1.357233484613861663e+02,1.200881450343058674e+02,4.924495455028338142e+01,7.000000000000000000e+00
1.203681612845302027e+02,7.247166612348925696e+01,9.498190572931785880e+01,3.434747402547888129e+01,6.304357590164810432e+01,1.366556173526165878e+02,1.100343896636426138e+02,6.238236762104291699e+01,7.000000000000000000e+00
9.415811545352934786e+01,8.783633519838799941e+01,9.951506007402063858e+01,4.231272214524148723e+01,6.298691346347312248e+01,1.339858009320866756e+02,1.175762129927285145e+02,5.449511464424990237e+01,7.000000000000000000e+00
1.138468126537393772e+02,7.081951389719399970e+01,9.827537673533400664e+01,3.387677559971008634e+01,6.141505422638670098e+01,1.401487086235242430e+02,1.223831074914338615e+02,4.426909335263732714e+01,7.000000000000000000e+00
1.200260373664325897e+02,6.879239077212797326e+01,8.956143522305383442e+01,3.314952485251397718e+01,6.832899291192489954e+01,1.364360726989564796e+02,1.159925093081717904e+02,5.287978508494634866e+01,7.000000000000000000e+00
9.787284157485753155e+01,8.838418624817997227e+01,1.008326464167288918e+02,4.218286410663645825e+01,6.678017981817009741e+01,1.429680664224143811e+02,1.143863521217890167e+02,5.307148891949245240e+01,7.000000000000000000e+00
1.005366213185494075e+02,9.341376255700107833e+01,1.063247625233233151e+02,4.713681453138635646e+01,6.263510299281592353e+01,1.398986520810685477e+02,1.210533234720635676e+02,4.665242164742298314e+01,7.000000000000000000e+00
1.051622864592974622e+02,8.772724167200243528e+01,1.034144196972121392e+02,4.381041962721768357e+01,5.902606883274960126e+01,1.342545479702833404e+02,1.176916278580340958e+02,4.863129725279713256e+01,7.000000000000000000e+00
1.226384684866519734e+02,6.079004260991482056e+01,8.277653562407357413e+01,2.905648864865029779e+01,7.147820831113926943e+01,1.397236822291355907e+02,1.214694306410851112e+02,4.558202092722857657e+01,7.000000000000000000e+00
1.013104131731848838e+02,8.033299105249788852e+01,1.088026989879324731e+02,4.140184151570112192e+01,6.175379751019471541e+01,1.378532712676386325e+02,1.171463683999750174e+02,4.821765453208820418e+01,7.000000000000000000e+00
